fromCustomerId:2,toCustomerId:1,amount:30.0,interestRate:0.02,expiryDate:2022-04-16T01:24:58.034355200,rePaid:false,
fromCustomerId:2,toCustomerId:1,amount:30.0,interestRate:0.02,expiryDate:2022-04-16T01:25:31.823391500,rePaid:false,
fromCustomerId:2,toCustomerId:1,amount:30.0,interestRate:0.02,expiryDate:2022-04-16T01:25:53.768076800,rePaid:false,
fromCustomerId:1,toCustomerId:2,amount:79.0,interestRate:0.3,expiryDate:2022-04-16T01:26:26.762005,rePaid:false,
fromCustomerId:1,toCustomerId:2,amount:79.0,interestRate:0.3,expiryDate:2022-04-16T01:26:49.660763100,rePaid:false,
fromCustomerId:2,toCustomerId:1,amount:30.0,interestRate:0.02,expiryDate:2022-04-16T01:47:17.495470600,rePaid:false,
fromCustomerId:2,toCustomerId:1,amount:40.0,interestRate:0.02,expiryDate:2022-04-16T01:50:12.220015600,rePaid:false,
fromCustomerId:1,toCustomerId:2,amount:79.0,interestRate:0.3,expiryDate:2022-04-16T01:50:47.525955300,rePaid:false,
